JW Marriott Hotel Frankfurt,https://www.hospitalitynet.org/picture/xxl_153141996.jpg?t=1654072554,https://www.hospitalitynet.org/announcement/41008066.html,https://www.marriott.com/hotels/travel/frajw-jw-marriott-hotel-frankfurt/,Frankfurt am Main,Frankfurt am Main,Germany,June 2022
"Radisson Blu 1882 Hotel, Barcelona Sagrada Familia",https://www.hospitalitynet.org/picture/xxl_153142006.jpg?t=1654073520,https://www.hospitalitynet.org/announcement/41008067.html,https://www.radissonhotels.com/en-us/hotels/radisson-blu-sagrada-familia-barcelona?cid=a:se+b:gmb+c:emea+i:local+e:rdb+d:ukirwe+h:ESBCNSAG,Barcelona,Barcelona,Spain,June 2022
SpringHill Suites by Marriott | Element Colorado Springs Downtown,https://www.hospitalitynet.org/picture/xxl_153142031.jpg?t=1654079686,https://www.hospitalitynet.org/announcement/41008069.html,https://www.marriott.com/hotels/travel/cossd-springhill-suites-colorado-springs-downtown/?scid=bb1a189a-fec3-4d19-a255-54ba596febe2&y_source=1_MjkzNzE5MzUtNzE1LWxvY2F0aW9uLndlYnNpdGU%3D,Colorado Springs,Colorado,USA,June 2022
PARKROYAL COLLECTION Kuala Lumpur,https://www.hospitalitynet.org/picture/xxl_153142032.jpg?t=1654080115,https://www.hospitalitynet.org/announcement/41008070.html,https://www.panpacific.com/en/hotels-and-resorts/pr-collection-kuala-lumpur.html?utm_source=google&utm_medium=business_listing&utm_campaign=googlemybusiness,Kuala Lumpur,Bukit Bintang,Malaysia,June 2022
Four Seasons Hotel Minneapolis,https://www.hospitalitynet.org/picture/xxl_153142047.jpg?t=1654090875,https://www.hospitalitynet.org/announcement/41008073.html,https://www.fourseasons.com/minneapolis/?seo=google_local_mnn1_,Minneapolis,Minnesota,USA,June 2022
Scandic Hotel Nørreport,https://www.hospitalitynet.org/picture/xxl_153142062.jpg?t=1654148969,https://www.hospitalitynet.org/announcement/41008074.html,https://www.scandichotels.com/hotels/denmark/copenhagen/scandic-norreport,Kobenhavn,Kobenhavn,Denmark,June 2022
Selina Union Market,https://www.hospitalitynet.org/picture/xxl_153142069.jpg?t=1654150086,https://www.hospitalitynet.org/announcement/41008077.html,https://www.selina.com/usa/washington/,Washington,District of Colombia,USA,June 2022
W Algarve,https://www.hospitalitynet.org/picture/xxl_153142067.jpg?t=1654149928,https://www.hospitalitynet.org/announcement/41008076.html,https://www.marriott.com/en-us/hotels/faowh-w-algarve/overview/?scid=bb1a189a-fec3-4d19-a255-54ba596febe2,Guia,Guia,Portugal,June 2022
Le Royal Méridien Doha,https://www.hospitalitynet.org/picture/xxl_153142078.jpg?t=1654150418,https://www.hospitalitynet.org/announcement/41008078.html,https://www.marriott.com/hotels/travel/dohmd-le-royal-meridien-doha/?scid=45f93f1b-bd77-45c9-8dab-83b6a417f6fe,Lusail,Lusail,Qatar,June 2022
Waldorf Astoria Washington DC,https://www.hospitalitynet.org/picture/xxl_153142087.jpg?t=1654151387,https://www.hospitalitynet.org/announcement/41008080.html,https://www.hilton.com/en/hotels/dcawawa-waldorf-astoria-washington-dc/?SEO_id=GMB-AMER-WA-DCAWAWA&y_source=1_NDAwNzQzNTktNzE1LWxvY2F0aW9uLndlYnNpdGU%3D,Washington,District of Colombia,USA,June 2022
ibis budget Tbilisi Center,https://www.hospitalitynet.org/picture/xxl_153142110.jpg?t=1654155832,https://www.hospitalitynet.org/announcement/41008082.html,https://all.accor.com/hotel/B2T3/index.en.shtml,T'bilisi,T'bilisi,Georgia,June 2022
"The Ritz-Carlton, Amman",https://www.hospitalitynet.org/picture/xxl_153142141.jpg?t=1654175342,https://www.hospitalitynet.org/announcement/41008086.html,https://theresidenceamman.com/en/contact-us,Jordan,Amman,Jordan,June 2022
Dawn Ranch,https://www.hospitalitynet.org/picture/xxl_153142190.jpg?t=1654265938,https://www.hospitalitynet.org/announcement/41008092.html,https://www.dawnranch.com/,Guerneville,California,USA,June 2022
"Austria Haus, a Destination by Hyatt Hotel",https://www.hospitalitynet.org/picture/xxl_153142201.jpg?t=1654490730,https://www.hospitalitynet.org/announcement/41008095.html,https://www.hyatt.com/en-US/hotel/colorado/austria-haus/denda?src=prop_misc_denda_other_website_gmb,Vail,Colorado,USA,June 2022
"avid hotel Tijuana - Otay, an IHG Hotel",https://www.hospitalitynet.org/picture/xxl_153142221.jpg?t=1654581697,https://www.hospitalitynet.org/announcement/41008096.html,https://www.ihg.com/avidhotels/hotels/us/en/tijuana/tijav/hoteldetail?cm_mmc=GoogleMaps-_-VA-_-MX-_-TIJAV,Tijuana,Juan Ojeda,Mexico,June 2022
Radisson Blu Hotel Durban Umhlanga,https://www.hospitalitynet.org/picture/xxl_153142252.jpg?t=1654604249,https://www.hospitalitynet.org/announcement/41008099.html,https://www.radissonhotels.com/en-us/hotels/radisson-blu-durban?cid=a:se+b:gmb+c:emea+i:local+e:rdb+d:mea+h:ZADURUMH,Durban ,Umhlanga,South Africa,June 2022
Radisson Hotel Sfax,https://www.hospitalitynet.org/picture/xxl_153142327.jpg?t=1654688347,https://www.hospitalitynet.org/announcement/41008106.html,https://www.radissonhotels.com/en-us/hotels/radisson-sfax?facilitatorId=GLOBALSEO&cid=a:se+b:yex+c:emea+i:local+e:rad+d:mea+f:en-US+h:TNSFA1,Sfax,Rue de Ribat,Tunisia,June 2022
Hyatt House Virginia Beach / Oceanfront,https://www.hospitalitynet.org/picture/xxl_153142367.jpg?t=1654754777,https://www.hospitalitynet.org/announcement/41008108.html,https://www.hyatt.com/en-US/hotel/virginia/hyatt-house-virginia-beach-oceanfront/orfxv?src=corp_lclb_gmb_seo_orfxv,Virginia Beach,Virginia,USA,June 2022
Six Senses Ibiza,https://www.hospitalitynet.org/picture/xxl_153142374.jpg?t=1654755889,https://www.hospitalitynet.org/announcement/41008110.html,https://www.sixsenses.com/en/resorts/ibiza,San Juan Bautista,Carrer cai de sa Torre,Spain,June 2022
"Mansard Riyadh, A Radisson Collection Hotel",https://www.hospitalitynet.org/picture/xxl_153142415.jpg?t=1654765964,https://www.hospitalitynet.org/announcement/41008114.html,https://www.radissonhotels.com/en-us/hotels/radisson-collection-mansard-riyadh-hotel?cid=a:se+b:gmb+c:emea+i:local+e:rco+d:mea+h:SARUHMAN,Riyadh,Riyadh,Saudi Arabia,June 2022
"Botanika Osa Peninsula, Curio Collection by Hilton",https://www.hospitalitynet.org/picture/xxl_153142433.jpg?t=1654779863,https://www.hospitalitynet.org/announcement/41008116.html,https://www.hilton.com/en/hotels/pjmcrqq-botanika-osa-peninsula/?SEO_id=GMB-AMER-QQ-PJMCRQQ&y_source=1_Mzg0NTM1MjctNzE1LWxvY2F0aW9uLndlYnNpdGU%3D,Puerto Jimenez,Puerto Jimenez,Costa Rica,June 2022
Gleneagles Townhouse,https://www.hospitalitynet.org/picture/xxl_153142473.jpg?t=1654848145,https://www.hospitalitynet.org/announcement/41008118.html,https://gleneagles.com/townhouse/?utm_source=google&utm_medium=local&utm_campaign=hotel-gleneaglestownhouse,Scotland,Scotland,UK,June 2022
Scandic Göteborg Central,https://www.hospitalitynet.org/picture/xxl_153142477.jpg?t=1654856821,https://www.hospitalitynet.org/announcement/41008119.html,https://www.scandichotels.se/hotell/sverige/goteborg/scandic-goteborg-central,Vastra Gotalands Ian,Centra Vikingsgatan,Sweden,June 2022
Max Beach Resort,https://www.hospitalitynet.org/picture/xxl_153142486.jpg?t=1654869075,https://www.hospitalitynet.org/announcement/41008121.html,https://www.maxdaytona.com/,Daytona Beach,Florida,USA,June 2022
Atwell by IHG unveils first prototype hotel at Denver Airport,https://www.hospitalitynet.org/picture/xxl_153142489.jpg?t=1655099208,https://www.hospitalitynet.org/announcement/41008122.html,https://www.ihg.com/atwellsuites/hotels/us/en/reservation,Denver,Colorado,USA,June 2022
"Staybridge Suites al Khobar City, an IHG Hotel",https://www.hospitalitynet.org/picture/xxl_153142499.jpg?t=1655106370,https://www.hospitalitynet.org/announcement/41008125.html,https://www.guestreservations.com/staybridge-suites-al-khobar-al-khobar/booking?gclid=Cj0KCQjwlemWBhDUARIsAFp1rLWY1Wgehqdqn14LUuEnGO7qgTIoypakdpZ3highIJUjcz1P36xmlGsaAkX9EALw_wcB,Al Khobar,Al Khobar,Saudi Arabia,June 2022
The Westin Yokohama,https://www.hospitalitynet.org/picture/xxl_153142513.jpg?t=1655116618,https://www.hospitalitynet.org/announcement/41008126.html,https://www.marriott.com/hotels/travel/tyowy-the-westin-yokohama/?scid=bb1a189a-fec3-4d19-a255-54ba596febe2&y_source=1_MjkzNzE5MzctNzE1LWxvY2F0aW9uLndlYnNpdGU%3D,Yokohama,Nishi Ward,Japan,June 2022
RUNO Hotel Porvoo,https://www.hospitalitynet.org/picture/xxl_153142534.jpg?t=1655125755,https://www.hospitalitynet.org/announcement/41008128.html,http://www.runohotel.com/,Porvoo,Porvoo,Finland,June 2022
"Villa Le Blanc, a Gran Meliá Hotel",https://www.hospitalitynet.org/picture/xxl_153142542.jpg?t=1655126832,https://www.hospitalitynet.org/announcement/41008129.html,https://www.melia.com/en/hotels/spain/menorca/villa-le-blanc-gran-melia/index.htm?utm_medium=organic&utm_source=uberall&utm_content=dynamic,Santo Tomas,Playa,Spain,June 2022
Wyndham Garden Lara,https://www.hospitalitynet.org/picture/xxl_153142592.jpg?t=1655203361,https://www.hospitalitynet.org/announcement/41008136.html,https://wyndhamgardenlara.com/en-US,Antalya,Antalya,Turkey,June 2022
The Retreat at Elcot Park,https://www.hospitalitynet.org/picture/xxl_153142601.jpg?t=1655206701,https://www.hospitalitynet.org/announcement/41008138.html,https://www.retreatelcotpark.com/?utm_source=google&utm_medium=local&utm_campaign=elcot-park,Newbury,Newbury,UK,June 2022
Stanton House,https://www.hospitalitynet.org/picture/xxl_153142604.jpg?t=1655210562,https://www.hospitalitynet.org/announcement/41008139.html,https://stanton-house.com/,El Paso,Texas,USA,June 2022
"Park Inn by Radisson, Surat",https://www.hospitalitynet.org/picture/xxl_153142655.jpg?t=1655289098,https://www.hospitalitynet.org/announcement/41008142.html,https://www.radissonhotels.com/en-us/hotels/park-inn-radisson-surat?cid=a:se+b:gmb+c:apac+i:local+e:pii+d:ind+h:INGJSTV1,Surat,Adajan,India,June 2022
Hyatt Place Montréal – Downtown,https://www.hospitalitynet.org/picture/xxl_153142624.jpg?t=1655275847,https://www.hospitalitynet.org/announcement/41008141.html,https://www.hyatt.com/en-US/hotel/canada/hyatt-place-montreal-downtown/yulzm?src=corp_lclb_gmb_seo_yulzm,Montreal ,Quebec,Canada,June 2022
Cambria Hotel Boston Somerville,https://www.hospitalitynet.org/picture/xxl_153142671.jpg?t=1655294194,https://www.hospitalitynet.org/announcement/41008146.html,https://www.choicehotels.com/massachusetts/somerville/cambria-hotels/ma257?mc=llgoxxpx,Somerville,Massachusettes,USA,June 2022
Masseria Muzza,https://www.hospitalitynet.org/picture/xxl_153142682.jpg?t=1655296558,https://www.hospitalitynet.org/announcement/41008147.html,https://www.baglionihotels.com/,Puglia,Puglia,Italy,June 2022
IntercityHotel Amsterdam Airport,https://www.hospitalitynet.org/picture/xxl_153142686.jpg?t=1655296710,https://www.hospitalitynet.org/announcement/41008148.html,https://hrewards.com/en/intercityhotel-amsterdam-airport,Hoofddorp,Hoofddorp,The Netherlands,June 2022
"Vivanta Katra, Vaishno Devi",https://www.hospitalitynet.org/picture/xxl_153142756.jpg?t=1655374965,https://www.hospitalitynet.org/announcement/41008153.html,https://www.vivantahotels.com/en-in/vivanta-katra/?utm_source=google&utm_medium=local&utm_campaign=vivanta_katra&utm_content=vivanta_katra_gmb,Katra,Vaishnodevi,India,June 2022
AC Hotel Vancouver Waterfront,https://www.hospitalitynet.org/picture/xxl_153142769.jpg?t=1655380167,https://www.hospitalitynet.org/announcement/41008155.html,https://www.marriott.com/en-us/hotels/pdxac-ac-hotel-vancouver-waterfront/overview/?scid=bb1a189a-fec3-4d19-a255-54ba596febe2,Vancouver,Washington,USA,June 2022
lyf Collingwood Melbourne,https://www.hospitalitynet.org/picture/xxl_153142797.jpg?t=1655448849,https://www.hospitalitynet.org/announcement/41008165.html,https://www.discoverasr.com/en/lyf/australia/lyf-collingwood-melbourne?utm_source=google&utm_medium=gmb&utm_campaign=HQ-google-gmb-alwayson-20211223-all-en-au-au-lyfcollingwoodmelbourne-eme,Collingwood ,Collingwood ,Australia,June 2022
Hotel Riu Jambo,https://www.hospitalitynet.org/picture/xxl_153142863.jpg?t=1655718102,https://www.hospitalitynet.org/announcement/41008170.html,https://www.riu.com/en/hotel/tanzania/zanzibar/hotel-riu-jambo/?utm_source=google&utm_medium=organic&utm_campaign=my_business&utm_content=JBO,Zanzibar,Zanzibar,Tanzania,June 2022
Radisson Collection Morina Hotel Tirana,https://www.hospitalitynet.org/picture/xxl_153142876.jpg?t=1655725317,https://www.hospitalitynet.org/announcement/41008172.html,https://www.radissonhotels.com/en-us/hotels/radisson-collection-morina-tirana?cid=a:se+b:gmb+c:emea+i:local+e:rco+d:cese+h:ALTIAMOR,Tirana,Tirana,Albania,June 2022
Hotel Alice,https://www.hospitalitynet.org/picture/xxl_153142887.jpg?t=1655731869,https://www.hospitalitynet.org/announcement/41008173.html,https://www.hotelalicenc.com/,Pine Knoll Shores,North Carolina,USA,June 2022
Pullman Tbilisi Axis Towers,https://www.hospitalitynet.org/picture/xxl_153142914.jpg?t=1655793471,https://www.hospitalitynet.org/announcement/41008174.html,https://all.accor.com/hotel/A1F1/index.en.shtml?y_source=1_MzYxNDQ3MTUtNzE1LWxvY2F0aW9uLndlYnNpdGU%3D,T'bilisi,T'bilisi,Georhia,June 2022
Mövenpick Resort Al Marjan Island,https://www.hospitalitynet.org/picture/xxl_153142919.jpg?t=1655794077,https://www.hospitalitynet.org/announcement/41008175.html,https://www.movenpick.com/en/middle-east/uae/ras-al-khaimah/resort-al-marjan-island.html,Ras al Khaimah,Ras al Khaimah,UAE,June 2022
Radisson Blu Euphoria Resort,https://www.hospitalitynet.org/picture/xxl_153142933.jpg?t=1655800052,https://www.hospitalitynet.org/announcement/41008179.html,https://www.radissonhotels.com/en-us/hotels/radisson-blu-euphoria-resort,Mykonos,Mykonos,Greece,June 2022
Ruby Rosi,https://www.hospitalitynet.org/picture/xxl_153143017.jpg?t=1655889805,https://www.hospitalitynet.org/announcement/41008187.html,https://www.ruby-hotels.com/hotels-destinations/muenchen/ruby-rosi,Munchen ,Munchen ,Germany,June 2022
Angsana Oceanview Residences,https://www.hospitalitynet.org/picture/xxl_153143049.jpg?t=1655964130,https://www.hospitalitynet.org/announcement/41008189.html,https://accor-residences.com/property/angsana-oceanview-residences-phuket-thailand/,Phuket,Thalang District,Thailand,June 2022
The Langham Gold Coast,https://lh3.googleusercontent.com/proxy/LM6QIyVQTNdJ00mNFDEsrSvWqhnAFEgBUOe_2X4kXfkVRcSnK8CHzv8Q0Nuvrbm6SWsYNuistF9tMoLfH2dvvU6ubVdCN_pqke9Ra8d3ccnqXiThlV7nIR5sn4aiC688HtBG49uysOIppf3dQQYyiBS4EX505w=w253-h168-k-no,https://www.hospitalitynet.org/announcement/41008192.html,https://www.langhamhotels.com/en/the-langham/gold-coast/,Surfers Paradise,Surfers Paradise,Australia,June 2022
Scandic Spectrum,https://www.hospitalitynet.org/picture/xxl_153143059.jpg?t=1655966076,https://www.hospitalitynet.org/announcement/41008193.html,https://www.scandichotels.com/spectrum,Copenhagen,Copenhagen,Denmark,June 2022
"Cosme, A Luxury Collection Resort, Paros",https://www.hospitalitynet.org/picture/xxl_153143063.jpg?t=1655966688,https://www.hospitalitynet.org/announcement/41008194.html,https://www.marriott.com/en-us/hotels/paslc-cosme-a-luxury-collection-resort-paros/overview/?scid=f2ae0541-1279-4f24-b197-a979c79310b0,Naausa,Naausa,Greece,June 2022
Caption by Hyatt Beale Street Memphis,https://www.hospitalitynet.org/picture/xxl_153143237.jpg?t=1656465153,https://www.hospitalitynet.org/announcement/41008205.html,https://www.hyatt.com/caption-by-hyatt/memcp-caption-by-hyatt-beale-street-memphis,Memphis,Tennessee,USA,June 2022
Radisson Hotel Istanbul Harbiye,https://www.hospitalitynet.org/picture/xxl_153143245.jpg?t=1656465682,https://www.hospitalitynet.org/announcement/41008206.html,https://www.radissonhotels.com/en-us/hotels/radisson-hotel-istanbul-harbiye?facilitatorId=GLOBALSEO&cid=a:se+b:yex+c:emea+i:local+e:rad+d:eerut+f:en-US+h:TRISTHAR,Istanbul,Sisli,Turkey,June 2022
"Punta del Este Maldonado Department, Uruguay",https://www.hospitalitynet.org/picture/xxl_153143286.jpg?t=1656520518,https://www.hospitalitynet.org/announcement/41008210.html,https://es.sbe.com/hotels/sls-hotels/sls-punta-del-este,Punta del Este,Punta del Este,Uruguay,June 2022
Hotel Indigo Vienna - Naschmarkt,https://www.hospitalitynet.org/picture/xxl_153143289.jpg?t=1656584588,https://www.hospitalitynet.org/announcement/41008211.html,https://www.ihg.com/hotelindigo/hotels/us/en/reservation?fromRedirect=true&qSrt=sBR&qSlH=vienr&setPMCookies=true&srb_u=1,Wien,Vienna,Austria,June 2022
Conrad Nashville,https://www.hospitalitynet.org/picture/xxl_153143310.jpg?t=1656591881,https://www.hospitalitynet.org/announcement/41008215.html,https://www.hilton.com/en/hotels/bnaleci-conrad-nashville/?SEO_id=GMB-AMER-CI-BNALECI&y_source=1_Mjc3MjkzMTgtNzE1LWxvY2F0aW9uLndlYnNpdGU%3D,Nashville,Tennessee,USA,June 2022
"The LaSalle Chicago, Autograph Collection",https://www.hospitalitynet.org/picture/xxl_153143325.jpg?t=1656673298,https://www.hospitalitynet.org/announcement/41008217.html,https://www.marriott.com/en-us/hotels/chiad-the-lasalle-chicago-autograph-collection/overview/?scid=f2ae0541-1279-4f24-b197-a979c79310b0,Chicago,Illinois,USA,July 2022
Sindhorn Midtown Hotel Bangkok,https://www.hospitalitynet.org/picture/xxl_153143331.jpg?t=1656673598,https://www.hospitalitynet.org/announcement/41008218.html,https://www.ihg.com/vignettecollection/hotels/us/en/bangkok/bkksn/hoteldetail,Bangkok,Pathum Wan,Thailand,July 2022
Four Points By Sheraton Kigali,https://www.hospitalitynet.org/picture/xxl_153143367.jpg?t=1656938580,https://www.hospitalitynet.org/announcement/41008219.html,https://www.marriott.com/en-us/hotels/kglfp-four-points-by-sheraton-kigali/overview/?scid=bb1a189a-fec3-4d19-a255-54ba596febe2&grf=Eg8KDQgSEgkSB5IBBAgCEAM,Kigali,Kigali,Rwanda,July 2022
Hotel Brooklyn Leicester,https://www.hospitalitynet.org/picture/xxl_153143376.jpg?t=1656939596,https://www.hospitalitynet.org/announcement/41008221.html,https://hotelbrooklynlei.co.uk/,Leicester ,Leicester ,UK,July 2022
Hilton Maldives Amingiri Resort & Spa,https://www.hospitalitynet.org/picture/xxl_153143379.jpg?t=1656940405,https://www.hospitalitynet.org/announcement/41008222.html,https://www.hilton.com/en/hotels/mleaihi-hilton-maldives-amingiri-resort-and-spa/?SEO_id=GMB-APAC-HI-MLEAIHI,Male,Male City,Maldives,July 2022
LUMA Hotel San Francisco,https://www.hospitalitynet.org/picture/xxl_153143388.jpg?t=1656942759,https://www.hospitalitynet.org/announcement/41008223.html,https://www.lumahotels.com/san-francisco?utm_source=google-gbp&utm_medium=organic&utm_campaign=gbp,San Francisco ,California,USA,July 2022
Hyatt Regency Jaipur Mansarovar,https://www.hospitalitynet.org/picture/xxl_153143402.jpg?t=1657022217,https://www.hospitalitynet.org/announcement/41008224.html,https://www.hyatt.com/en-US/hotel/india/hyatt-regency-jaipur-mansarovar/jairj?src=corp_lclb_gmb_seo_jairj,Jaipur,Jaipur,India,July 2022
Mövenpick Hotel Wellington,https://www.hospitalitynet.org/picture/xxl_153143460.jpg?t=1657178481,https://www.hospitalitynet.org/announcement/41008227.html,https://all.accor.com/hotel/1991/index.en.shtml?utm_campaign=seo+maps&utm_medium=seo+maps&utm_source=google+Maps,Wellington,Wellington,New Zealand,July 2022
"Royal Palm Galapagos, Curio Collection by Hilton",https://www.hospitalitynet.org/picture/xxl_153143477.jpg?t=1657182798,https://www.hospitalitynet.org/announcement/41008229.html,https://www.hilton.com/en/hotels/gpsrpqq-royal-palm-galapagos/?SEO_id=GMB-AMER-QQ-GPSRPQQ&y_source=1_MzUxNzE1OTQtNzE1LWxvY2F0aW9uLndlYnNpdGU%3D,Islas Galapagos,Bellavista,Ecuador,July 2022
Conrad Los Angeles,https://www.hospitalitynet.org/picture/xxl_153143485.jpg?t=1657183452,https://www.hospitalitynet.org/announcement/41008230.html,https://www.hilton.com/en/hotels/laxavci-conrad-los-angeles/?SEO_id=GMB-AMER-CI-LAXAVCI&y_source=1_Mjc5OTc5MTMtNzE1LWxvY2F0aW9uLndlYnNpdGU%3D,Los Angeles,California,USA,July 2022
Fusion Original Saigon Centre,https://www.hospitalitynet.org/picture/xxl_153143496.jpg?t=1657183918,https://www.hospitalitynet.org/announcement/41008231.html,https://saigoncentre.fusionoriginals.com/?partner=6459utm_source%3Dgoogle&utm_medium=organic&utm_campaign=MyBusiness&utm,Thank Pho,Ho Chi Min City,Vietnam,July 2022
Park Hyatt Jakarta,https://www.hospitalitynet.org/picture/xxl_153143534.jpg?t=1657260090,https://www.hospitalitynet.org/announcement/41008234.html,https://www.hyatt.com/en-US/hotel/indonesia/park-hyatt-jakarta/cgkph?src=corp_lclb_gmb_seo_cgkph,Daerah Khusus Ibukota,Jakarta,Indonesia,July 2022
"Radisson Blu Hotel, Cluj",https://www.hospitalitynet.org/picture/xxl_153143537.jpg?t=1657260467,https://www.hospitalitynet.org/announcement/41008235.html,https://www.radissonhotels.com/en-us/hotels/radisson-blu-cluj?cid=a:se+b:gmb+c:emea+i:local+e:rdb+d:cese+h:ROCLJ1,Cluj-Napaca,Cluj-Napaca,Romania,July 2022
Jumeirah Muscat Bay,https://www.hospitalitynet.org/picture/xxl_153143583.jpg?t=1657277017,https://www.hospitalitynet.org/announcement/41008239.html,https://www.jumeirah.com/en/stay/oman/jumeirah-muscat-bay,Bandar Jissah,Muscat,Oman,July 2022
ROOST Tampa,https://www.hospitalitynet.org/picture/xxl_153143653.jpg?t=1657603854,https://www.hospitalitynet.org/announcement/41008244.html,http://myroost.com/tampa,Tampa,Florida,USA,July 2022
Hotel Windsor,https://www.hospitalitynet.org/picture/xxl_153143682.jpg?t=1657617938,https://www.hospitalitynet.org/announcement/41008248.html,https://thewindsor.it/en/,Laigueglia,Aprile,Italy,July 2022
"Holiday Inn Express Brussels - Grand-Place, an IHG Hotel",https://www.hospitalitynet.org/picture/xxl_153143702.jpg?t=1657792662,https://www.hospitalitynet.org/announcement/41008250.html,https://www.ihg.com/holidayinnexpress/hotels/gb/en/brussels/brugp/hoteldetail?cm_mmc=GoogleMaps-_-EX-_-BE-_-BRUGP,Brussels,Brussels,Belgium,July 2022
HomeTowne Studios East Lansing - Okemos,https://www.hospitalitynet.org/picture/xxl_153143715.jpg?t=1657651080,https://www.hospitalitynet.org/announcement/41008253.html,https://www.redroof.com/extendedstay/hometownestudios/property/mi/okemos/HTS1320,Mischigan,Mischigan,USA,July 2022
Radisson Resort Goa Baga,https://www.hospitalitynet.org/picture/xxl_153143736.jpg?t=1657699843,https://www.hospitalitynet.org/announcement/41008255.html,https://www.radissonhotels.com/en-us/hotels/radisson-resort-goa-baga?cid=a:se+b:gmb+c:apac+i:local+e:rad+d:ind+h:INGAGOABAG,Arpora,Arpora,India,July 2022
Clark House by ONX Wines,https://www.hospitalitynet.org/picture/xxl_153143773.jpg?t=1657778211,https://www.hospitalitynet.org/announcement/41008259.html,https://www.onxwine.com/,Pasa Robles,California,USA,July 2022
1 Hotel Nashville,https://www.hospitalitynet.org/picture/xxl_153143818.jpg?t=1657788179,https://www.hospitalitynet.org/announcement/41008262.html,https://www.1hotels.com/nashville?utm_source=google-gbp&utm_medium=organic&utm_campaign=gbp,Nashville,Tennessee,USA,July 2022
Wyndham Garden Sapporo Odori,https://www.hospitalitynet.org/picture/xxl_153143822.jpg?t=1657789496,https://www.hospitalitynet.org/announcement/41008263.html,https://www.wyndhamhotels.com/wyndham-garden/sapporo-japan/wyndham-garden-sapporo-odori/overview,Sapporo,Sapporo,Japan,July 2022
June Six Hotel Berlin City West,https://www.hospitalitynet.org/picture/xxl_153143838.jpg?t=1657859783,https://www.hospitalitynet.org/announcement/41008264.html,https://june-six-hotels.com/hotels/berlin-city-west/,Berlin,Berlin,Germany,July 2022
The Fullerton Ocean Park Hotel Hong Kong,https://www.hospitalitynet.org/picture/xxl_153143901.jpg?t=1658130581,https://www.hospitalitynet.org/announcement/41008269.html,https://www.fullertonhotels.com/fullerton-ocean-park-hotel-hongkong,Hong Kong Island,Hong Kong Island,Hong Kong (SAR),July 2022
"Hotel Indigo Flushing, an IHG Hotel",https://www.hospitalitynet.org/picture/xxl_153143915.jpg?t=1658144834,https://www.hospitalitynet.org/announcement/41008271.html,https://www.ihg.com/hotelindigo/hotels/us/en/flushing/nycfq/hoteldetail?cm_mmc=GoogleMaps-_-IN-_-US-_-NYCFQ,New York,New York,USA,July 2022
citizenM Miami Brickell,https://www.hospitalitynet.org/picture/xxl_153143946.jpg?t=1658221689,https://www.hospitalitynet.org/announcement/41008277.html,https://www.citizenm.com/,Miami,Florida,USA,July 2022
"Astra Hotel Seattle, A Tribute Portfolio Hotel",https://www.hospitalitynet.org/picture/xxl_153143947.jpg?t=1658222653,https://www.hospitalitynet.org/announcement/41008278.html,https://astrahotelseattle.com/,Seattle,Washington,USA,July 2022
Radisson RED Oslo Økern,https://www.hospitalitynet.org/picture/xxl_153143957.jpg?t=1658231972,https://www.hospitalitynet.org/announcement/41008280.html,https://www.radissonhotels.com/en-us/hotels/radisson-red-oslo-okern?cid=a:se+b:gmb+c:emea+i:local+e:rdr+d:nob+h:NOOSLOKN,Oslo,Oslo,Norway,July 2022
Selina Serenity Rawai Phuket & Cowork,https://www.hospitalitynet.org/picture/xxl_153144045.jpg?t=1658388023,https://www.hospitalitynet.org/announcement/41008286.html,https://www.selina.com/thailand/phuket/,Phuket,Rawai,Thailand,July 2022
ARTOTEL TS Suites Surabaya,https://www.hospitalitynet.org/picture/xxl_153144062.jpg?t=1658397068,https://www.hospitalitynet.org/announcement/41008288.html,ARTOTEL TS Suites Surabaya,Jawa Timur,Wonokromo,Indonesia,July 2022
W Toronto,https://www.hospitalitynet.org/picture/xxl_153144067.jpg?t=1658405371,https://www.hospitalitynet.org/announcement/41008289.html,https://www.marriott.com/en-us/hotels/yyzwh-w-toronto/overview/?scid=f2ae0541-1279-4f24-b197-a979c79310b0,Toronto,Ontario,Canada,July 2022
Mint House at The Divine Lorraine Hotel,https://www.hospitalitynet.org/picture/xxl_153144138.jpg?t=1658751170,https://www.hospitalitynet.org/announcement/41008295.html,https://minthouse.com/property/mint-house-at-the-divine-lorraine-hotel-philadelphia/,Philadelphia,Pennsylvania,USA,July 2022
Admiral Hotel Manila - MGallery,https://www.hospitalitynet.org/picture/xxl_153144165.jpg?t=1658823767,https://www.hospitalitynet.org/announcement/41008299.html,https://all.accor.com/hotel/9338/index.en.shtml,Manila,Malate,Philippines,July 2022
Lost Property St Paul’s London - Curio Collection by Hilton,https://www.hospitalitynet.org/picture/xxl_153144182.jpg?t=1658832948,https://www.hospitalitynet.org/announcement/41008302.html,https://lostpropertyhotel.com/,London,London,UK,July 2022
Hilton Mallorca Galatzo,https://www.hospitalitynet.org/picture/xxl_153144189.jpg?t=1658833312,https://www.hospitalitynet.org/announcement/41008303.html,https://www.hilton.com/en/hotels/pmicchi-hilton-mallorca-galatzo/?SEO_id=GMB-EMEA-HI-PMICCHI,Costa de la Calma,Andratx,Spain,July 2022
The House Hotel Old Tbilisi,https://www.hospitalitynet.org/picture/xxl_153144201.jpg?t=1658835451,https://www.hospitalitynet.org/announcement/41008304.html,https://househotels.com/en/hotels/tbilisi/,T'Bilisi,T'Bilisi,Georgia,July 2022
Dao by Dorsett West London,https://www.hospitalitynet.org/picture/xxl_153144228.jpg?t=1658838472,https://www.hospitalitynet.org/announcement/41008308.html,https://www.daobydorsett.com/en/dao-by-dorsett-west-london/index.html,London,London,UK,July 2022
"The Ritz-Carlton New York, NoMad",https://lh5.googleusercontent.com/p/AF1QipPmtHR9ZCC_c7A87k7IghBuDUMmrY0TiGy5fTBh=w253-h168-k-no,https://www.hospitalitynet.org/announcement/41008305.html,https://www.ritzcarlton.com/en/hotels/new-york/nomad?scid=f2ae0541-1279-4f24-b197-a979c79310b0,New York,New York,USA,July 2022
Oku - Regent Phu Quoc,https://www.hospitalitynet.org/picture/xxl_153144272.jpg?t=1658896566,https://www.hospitalitynet.org/announcement/41008310.html,https://phuquoc.regenthotels.com/dining/oku,Thanh pho Phu Quoc,Durong To,Vietnam,July 2022
DoubleTree by Hilton Shah Alam i‑City,https://www.hospitalitynet.org/picture/xxl_153144302.jpg?t=1658905711,https://www.hospitalitynet.org/announcement/41008312.html,https://www.hilton.com/en/hotels/szbsadi-doubletree-shah-alam-i-city/?SEO_id=GMB-APAC-DI-SZBSADI,Shah Alam,Shah Alam,Malaysia,July 2022
NOŪS Santorini,https://www.hospitalitynet.org/picture/xxl_153144374.jpg?t=1658996872,https://www.hospitalitynet.org/announcement/41008319.html,https://www.yeshotels.gr/nous-santorini/,Mesaria ,Mesaria ,Greece,July 2022
"The Standard, Bangkok Mahanakhon",https://www.hospitalitynet.org/picture/xxl_153144448.jpg?t=1659334131,https://www.hospitalitynet.org/announcement/41008323.html,https://www.standardhotels.com/,Krung Thep Maha Nakhon,Khwaeng Silom,Thailand,August 2022
Eastwind Lake Placid,https://www.hospitalitynet.org/picture/xxl_153143626.jpg?t=1657534986,https://www.hospitalitynet.org/announcement/41008324.html,https://www.eastwindhotels.com/,Lake Placid,New York,USA,August 2022
"InterContinental Sorrento Mornington Peninsula, an IHG Hotel",https://www.hospitalitynet.org/picture/xxl_153144476.jpg?t=1659340902,https://www.hospitalitynet.org/announcement/41008325.html,https://www.ihg.com/intercontinental/hotels/us/en/sorrento/melst/hoteldetail?cm_mmc=GoogleMaps-_-IC-_-AU-_-MELST,Sorrento,Sorrento,Australia,August 2022
"7Pines Resort Sardinia, part of Destination by Hyatt",https://www.hospitalitynet.org/picture/xxl_153144506.jpg?t=1659422341,https://www.hospitalitynet.org/announcement/41008331.html,https://www.hyatt.com/en-US/hotel/italy/7-pines-resort-sardinia/sardh?src=corp_lclb_gmb_seo_sardh,Baja Sardinia,Baja Sardinia,Italy,August 2022
Super 8 by Wyndham Koblenz,https://www.hospitalitynet.org/picture/xxl_153144512.jpg?t=1659424144,https://www.hospitalitynet.org/announcement/41008332.html,https://www.wyndhamhotels.com/super-8/koblenz-germany/super-8-koblenz/overview?CID=LC:SE::GGL:RIO:National:54339&iata=00093796,Koblenz,Koblenz,Germany,August 2022
Rosewood Vienna,https://www.hospitalitynet.org/placeholder.svg,https://www.hospitalitynet.org/announcement/41008335.html,https://www.rosewoodhotels.com/en/vienna,Wien,Wien,Austria,August 2022
El Vicenç de la mar,https://www.hospitalitynet.org/picture/xxl_153144532.jpg?t=1659429717,https://www.hospitalitynet.org/announcement/41008336.html,https://www.elvicenc.com/en/,Cala Sant Vicenc,Cala Sant Vicenc,Spain,August 2022
Hampton Inn & Suites Rancho Cucamonga,https://www.hospitalitynet.org/picture/xxl_153144539.jpg?t=1659429988,https://www.hospitalitynet.org/announcement/41008334.html,https://www.hilton.com/en/hotels/ontrchx-hampton-suites-rancho-cucamonga/,Rancho Cucamonga,California,USA,August 2022
Avani Chaweng Samui Hotel & Beach Club,https://www.hospitalitynet.org/picture/xxl_153144545.jpg?t=1659438820,https://www.hospitalitynet.org/announcement/41008337.html,https://www.avanihotels.com/en/chaweng-samui?utm_source=GoogleMyBusiness&utm_medium=GMB&utm_term=ChawengSamui&utm_content=Home&utm_campaign=Google_GMB,Chang Wat Surat Thani,Tambon Bo Put,Thailand,August 2022
The Aster,https://www.hospitalitynet.org/picture/xxl_153144550.jpg?t=1659439392,https://www.hospitalitynet.org/announcement/41008338.html,https://www.theasterla.com/,Los Angeles,California,USA,August 2022
Kasa Archive Reno-Tahoe,https://www.hospitalitynet.org/picture/xxl_153144618.jpg?t=1659527264,https://www.hospitalitynet.org/announcement/41008341.html,https://kasa.com/properties/kasa-archive-reno-tahoe,Reno,Nevada,USA,August 2022
"Villa Le Blanc, a Gran Meliá Hotel",https://lh5.googleusercontent.com/p/AF1QipO00V3AFLUyhgYn1Ag8qRgM0WAzkxewrCi043LJ=w253-h168-k-no,https://www.hospitalitynet.org/announcement/41008343.html,https://www.melia.com/en/hotels/spain/menorca/villa-le-blanc-gran-melia/index.htm?utm_medium=organic&utm_source=uberall&utm_content=dynamic,Sant0 Tomas,Playa,Spain,August 2022
Oakwood Premier Phnom Penh,https://www.hospitalitynet.org/picture/xxl_153144669.jpg?t=1659597843,https://www.hospitalitynet.org/announcement/41008344.html,https://www.oakwood.com/cambodia/phnom-penh/premier-phnompenh?utm_source=google&utm_medium=listing,Phnom Penh,Phnom Penh,Cambodia,August 2022
Hyatt Place Panama City Beach / Beachfront,https://www.hospitalitynet.org/picture/xxl_153144676.jpg?t=1659599750,https://www.hospitalitynet.org/announcement/41008345.html,https://www.hyatt.com/en-US/hotel/florida/hyatt-place-panama-city-beach-beachfront/ecpzp?src=corp_lclb_gmb_seo_ecpzp,Panama City beach,Florida,USA,August 2022
Casa Cook Mykonos,https://www.hospitalitynet.org/picture/xxl_153144695.jpg?t=1659615906,https://www.hospitalitynet.org/announcement/41008346.html,https://casacook.com/casa-cook-mykonos,Ornos,Ornos,Greece,August 2022
"Dusit Princess Hotel Residences, Nairobi",https://www.hospitalitynet.org/picture/xxl_153144708.jpg?t=1659682933,https://www.hospitalitynet.org/announcement/41008347.html,https://www.dusit.com/dusitprincess-hotelresidencesnairobi/,Nairobi,Nairobi,Kenya,August 2022
HomeTowne Studios San Antonio - Seaworld/Northwest,https://www.hospitalitynet.org/picture/xxl_153144711.jpg?t=1659684850,https://www.hospitalitynet.org/announcement/41008348.html,https://www.redroof.com/extendedstay/hometownestudios/property/tx/san-antonio/HTS1298,San Antonio,Texas,USA,August 2022
"Hotel Saski Krakow, Curio Collection by Hilton",https://www.hospitalitynet.org/picture/xxl_153144734.jpg?t=1659939010,https://www.hospitalitynet.org/announcement/41008349.html,https://www.hilton.com/en/hotels/krkshqq-hotel-saski-krakow/?SEO_id=GMB-EMEA-QQ-KRKSHQQ,Krakow,Krakow,Poland,August 2022
"Ginger Mumbai, Goregaon",https://www.hospitalitynet.org/picture/xxl_153144780.jpg?t=1659954423,https://www.hospitalitynet.org/announcement/41008354.html,https://www.gingerhotels.com/,Mumbai,Goregaon Mumbai,India,August 2022
Four Seasons Resort Costa Rica at Peninsula Papagayo,https://www.hospitalitynet.org/placeholder.svg,https://www.hospitalitynet.org/announcement/41008355.html,https://www.fourseasons.com/costarica/?seo=google_local_cos1_amer,Peninsula Papagayo,Peninsula Papagayo,Costa Rica,August 2022
Fairfield Inn & Suites by Marriott San Jose Airport Alajuela,https://www.hospitalitynet.org/picture/xxl_153144804.jpg?t=1660018783,https://www.hospitalitynet.org/announcement/41008357.html,https://www.marriott.com/en-us/hotels/sjofa-fairfield-by-marriott-san-jose-airport-alajuela/overview/?scid=f2ae0541-1279-4f24-b197-a979c79310b0,Alajuela,Alajuela,Costa Rica,August 2022
Tribe Phnom Penh Post Office Square,https://www.hospitalitynet.org/picture/xxl_153144809.jpg?t=1660024165,https://www.hospitalitynet.org/announcement/41008358.html,https://all.accor.com/hotel/B5M5/index.en.shtml,Phnom Penh,Phnom Penh,Cambodia,August 2022
Canoe Place Inn & Cottages,https://www.hospitalitynet.org/picture/xxl_153144825.jpg?t=1660026849,https://www.hospitalitynet.org/announcement/41008359.html,https://canoeplace.com/,Hampton Bay,New York,USA,August 2022
ibis Styles Semarang Simpang Lima,https://www.hospitalitynet.org/picture/xxl_153144830.jpg?t=1660027139,https://www.hospitalitynet.org/announcement/41008360.html,https://all.accor.com/hotel/6473/index.en.shtml?utm_campaign=seo+maps&utm_medium=seo+maps&utm_source=google+Maps,Jawa Tengah,Jawa Tengah,Indonesia,August 2022
Hotel Hotel,https://www.hospitalitynet.org/picture/xxl_153144844.jpg?t=1660041317,https://www.hospitalitynet.org/announcement/41008364.html,https://www.designhotels.com/hotels/portugal/lisbon/hotel-hotel,Lisbon,Lisbon,Portugal,August 2022
W Costa Navarino,https://www.hospitalitynet.org/picture/xxl_153144855.jpg?t=1660112093,https://www.hospitalitynet.org/announcement/41008366.html,https://www.marriott.com/en-us/hotels/klxwh-w-costa-navarino/overview/?scid=f2ae0541-1279-4f24-b197-a979c79310b0,Messinia,Navarino,Greece,August 2022
Magma Resort Santorini,https://www.hospitalitynet.org/picture/xxl_153144858.jpg?t=1660112884,https://www.hospitalitynet.org/announcement/41008367.html,https://www.hyatt.com/en-US/hotel/greece/magma-resort-santorini/jtrub,Santorini,Santorini,Greece,August 2022
"ROK Hotel Kingston, Tapestry Collection by Hilton",https://www.hospitalitynet.org/picture/xxl_153144861.jpg?t=1660113268,https://www.hospitalitynet.org/announcement/41008368.html,https://www.hilton.com/en/hotels/kinocup-rok-hotel-kingston/?SEO_id=GMB-UP-KINOCUP&y_source=1_NDU2MzM0NDgtNzE1LWxvY2F0aW9uLndlYnNpdGU%3D,Kingston,Jamaica,Jamaica,August 2022
TRIBE London Canary Wharf,https://www.hospitalitynet.org/picture/xxl_153144884.jpg?t=1660118550,https://www.hospitalitynet.org/announcement/41008371.html,https://mytribehotel.com/en/destination/london-canary-wharf/,London,London,UK,August 2022
Extended Stay America Premier Suites - Augusta,https://www.hospitalitynet.org/picture/xxl_153144891.jpg?t=1660119871,https://www.hospitalitynet.org/announcement/41008372.html,https://www.extendedstayamerica.com/hotels/ga/augusta/augusta,Augusta ,Georgia,USA,August 2022
SpringHill Suites by Marriott Raleigh Apex,https://www.hospitalitynet.org/picture/xxl_153144893.jpg?t=1660120319,https://www.hospitalitynet.org/announcement/41008373.html,https://www.marriott.com/en-us/hotels/rdusx-springhill-suites-raleigh-apex/overview/?scid=f2ae0541-1279-4f24-b197-a979c79310b0,Apex,North Carolina,USA,August 2022
Travelodge Hexham,https://lh5.googleusercontent.com/p/AF1QipMxOnwTiNB5FX633mUVdAVccuAM3v_1LKx663JF=w253-h189-k-no,https://www.hospitalitynet.org/announcement/41008374.html,https://www.travelodge.co.uk/hotels/696/Hexham-hotel?utm_source=google&utm_medium=GHA_Organic&utm_campaign=GHA_Hexham,Hexham,Hexham,UK,August 2022
Barranquilla Marriott Hotel,https://www.hospitalitynet.org/placeholder.svg,https://www.hospitalitynet.org/announcement/41008378.html,https://www.marriott.com/en-us/hotels/baqmc-barranquilla-marriott-hotel/overview/,Barranquilla,Barranquilla,Colombia,August 2022
Hotel Supetar Cavtat,https://www.hospitalitynet.org/picture/xxl_153144931.jpg?t=1660199705,https://www.hospitalitynet.org/announcement/41008379.html,https://www.adriaticluxuryhotels.com/hotel-supetar-dubrovnik-cavtat?utm_source=google&utm_medium=organic&utm_campaign=Google-places,Cavtat,Cavtat,Croatia,August 2022
MainStay Suites Orange County John Wayne Airport,https://www.hospitalitynet.org/picture/xxl_153144938.jpg?t=1660199786,https://www.hospitalitynet.org/announcement/41008380.html,https://www.choicehotels.com/california/santa-ana/mainstay-hotels/ca701?mc=llgoxxpx,Santa Ana,California,USA,August 2022
Radisson Resort Plaza Skiathos,https://www.hospitalitynet.org/picture/xxl_153144943.jpg?t=1660201120,https://www.hospitalitynet.org/announcement/41008381.html,https://www.radissonhotels.com/en-us/hotels/radisson-skiathos?cid=a:se+b:gmb+c:emea+i:local+e:rad+d:cese+f:en-US+h:GRJSISKI,Kanapitsa,Skiathos,Greece,August 2022
ARTOTEL Batam,https://www.hospitalitynet.org/picture/xxl_153144949.jpg?t=1660201977,https://www.hospitalitynet.org/announcement/41008382.html,https://artotelgroup.com/hotels/artotel/batam,Kepulauan Riau,Lubuk Baja,Indonesia,August 2022
"Villa Le Blanc, a Gran Meliá Hotel - The Leading Hotels of the World",https://www.hospitalitynet.org/picture/xxl_153145091.jpg?t=1660661409,https://www.hospitalitynet.org/announcement/41008390.html,https://www3.melia.com/en/hotels/spain/menorca/villa-le-blanc-gran-melia?utm_medium=organic&utm_source=uberall&utm_content=dynamic?utm_medium=organic&utm_source=uberall&utm_content=dynamic,Santo Tomas,Playa,Spain,August 2022
AC Hotel by Marriott Bethesda Downtown,https://www.hospitalitynet.org/picture/xxl_153145104.jpg?t=1660716287,https://www.hospitalitynet.org/announcement/41008391.html,https://www.marriott.com/en-us/hotels/wasba-ac-hotel-bethesda-downtown/overview/?scid=f2ae0541-1279-4f24-b197-a979c79310b0,Bethesda,Maryland,USA,August 2022
Lockwood Hotel,https://www.hospitalitynet.org/picture/xxl_153145128.jpg?t=1660728545,https://www.hospitalitynet.org/announcement/41008395.html,https://www.lockwood-hotel.com/?utm_source=google&utm_medium=organic&utm_campaign=business_listing,Waterville,Maine,USA,August 2022
"Radisson Blu Resort, Saidia Garden",https://www.hospitalitynet.org/picture/xxl_153145133.jpg?t=1660738660,https://www.hospitalitynet.org/announcement/41008396.html,https://www.radissonhotels.com/en-us/hotels/radisson-blu-resort-saidia-garden,Saidia,Saidia,Morocco,August 2022
Hotel AKA Back Bay,https://www.hospitalitynet.org/picture/xxl_153145168.jpg?t=1660807955,https://www.hospitalitynet.org/announcement/41008402.html,https://www.stayaka.com/hotel-aka-backbay,Boston,Massachusetts,USA,August 2022
Penny Williamsburg,https://www.hospitalitynet.org/picture/xxl_153145182.jpg?t=1660817543,https://www.hospitalitynet.org/announcement/41008404.html,http://penny-hotel.com/?utm_source=local-listings&utm_medium=organic&utm_campaign=local-listings,New York,New York,USA,August 2022
FREIgeist Göttingen Nordstadt,https://www.hospitalitynet.org/picture/xxl_153145204.jpg?t=1660825979,https://www.hospitalitynet.org/announcement/41008408.html,https://www.freigeist-nordstadt.de/en/goettingen-nordstadt/,Gottingen,Gottingen,Germany,August 2022
Hotel Fraye,https://www.hospitalitynet.org/picture/xxl_153145212.jpg?t=1660826818,https://www.hospitalitynet.org/announcement/41008409.html,https://www.hotelfrayenashville.com/,Nashville,Tennessee,USA,August 2022
Desolation Hotel,https://www.hospitalitynet.org/picture/xxl_153145219.jpg?t=1660830344,https://www.hospitalitynet.org/announcement/41008410.html,https://www.desolationhotel.com/,South Lake Tahoe,California,USA,August 2022
JW Marriott Hotel Monterrey Valle,https://www.hospitalitynet.org/picture/xxl_153145269.jpg?t=1660986506,https://www.hospitalitynet.org/announcement/41008412.html,https://www.marriott.com/en-us/hotels/mtyjw-jw-marriott-hotel-monterrey-valle/overview/?scid=f2ae0541-1279-4f24-b197-a979c79310b0,San Pedro Garza Garcia,Valle Del Campestre,Mexico,August 2022
"Vivanta Ahmedabad, SG Highway",https://www.hospitalitynet.org/picture/xxl_153145327.jpg?t=1661166987,https://www.hospitalitynet.org/announcement/41008415.html,https://www.vivantahotels.com/en-in/vivanta-ahmedabad/?utm_source=google&utm_medium=local&utm_campaign=vivanta_ahmedabad&utm_content=vivanta_ahmedabad_gmb,Ahmedabad,Sola,India,August 2022
"Ginger Ahmedabad, RTO Circle",https://www.hospitalitynet.org/picture/xxl_153145328.jpg?t=1661167403,https://www.hospitalitynet.org/announcement/41008416.html,https://www.gingerhotels.com/ginger-ahmedabad-rto-circle,Ahmedabad,Old Wadaj,India,August 2022
MAXX by Steigenberger Aalen,https://www.hospitalitynet.org/picture/xxl_153145332.jpg?t=1661171390,https://www.hospitalitynet.org/announcement/41008417.html,https://hrewards.com/de/maxx-by-deutsche-hospitality,Aslen,Aslen,Germany,August 2022
Hyatt Centric Juhu Mumbai,https://www.hospitalitynet.org/picture/xxl_153145333.jpg?t=1661171643,https://www.hospitalitynet.org/announcement/41008418.html,https://www.hyatt.com/en-US/hotel/india/hyatt-centric-juhu-mumbai/mumct?src=corp_lclb_gmb_seo_mumct,Mumbai,Mumbai,India,August 2022
Best Western Gallup West,https://www.hospitalitynet.org/picture/xxl_153145384.jpg?t=1661242682,https://www.hospitalitynet.org/announcement/41008423.html,https://www.bestwestern.com/en_US/book/hotels-in-gallup/best-western-gallup-west/propertyCode.32118.html,Gallup,New Mexico,USA,August 2022
Radisson RED Gdansk,https://www.hospitalitynet.org/picture/xxl_153145417.jpg?t=1661321115,https://www.hospitalitynet.org/announcement/41008427.html,https://www.radissonhotels.com/en-us/hotels/radisson-gdansk?cid=a:se+b:gmb+c:emea+i:local+e:rad+d:eerut+h:PLGDNHST,Gdansk,Gdansk,Poland,August 2022
The Standard Hua Hin,https://www.hospitalitynet.org/picture/xxl_153145430.jpg?t=1661323526,https://www.hospitalitynet.org/announcement/41008429.html,https://www.standardhotels.com/hua-hin/properties/hua-hin,Tambon Hua Hin,Tambon Hua Hin,Thailand,August 2022
Grand Mercure Solo Baru,https://www.hospitalitynet.org/picture/xxl_153145450.jpg?t=1661342374,https://www.hospitalitynet.org/announcement/41008431.html,http://www.bwpremiersolobaru.com/,Jawa Tengah,Grogol,Indonesia,August 2022
Grand Hyatt Gurgaon,https://www.hospitalitynet.org/picture/xxl_153145477.jpg?t=1661442168,https://www.hospitalitynet.org/announcement/41008434.html,https://www.hyatt.com/en-US/hotel/india/grand-hyatt-gurgaon/grggh?src=corp_lclb_gmb_seo_grggh,Gurugram,Gurugram,India,August 2022
Waldorf Astoria Kuwait,https://www.hospitalitynet.org/picture/xxl_153145480.jpg?t=1661442623,https://www.hospitalitynet.org/announcement/41008435.html,https://www.hilton.com/en/hotels/kwiwawa-waldorf-astoria-kuwait/?SEO_id=GMB-EMEA-WA-KWIWAWA,Andalous,Andalous,Kuwait,August 2022
ibis Styles Bangkok Silom,https://www.hospitalitynet.org/picture/xxl_153145492.jpg?t=1661444740,https://www.hospitalitynet.org/announcement/41008436.html,https://www.ibisstylesbangkoksilom.com/,Krung Thep Maha Nakhon,Khwaeng Silom,Thailand,August 2022
Hyatt Place Nanchong Gaoping,https://www.hospitalitynet.org/picture/xxl_153145537.jpg?t=1661752514,https://www.hospitalitynet.org/announcement/41008438.html,https://www.hyatt.com/en-US/hotel/china/hyatt-place-nanchong-gaoping/naozn,Nan Chang Shi,Shun Qing Qu,China,August 2022
The Shàng by Artyzen Qiantan Shanghai,https://www.hospitalitynet.org/picture/xxl_153145581.jpg?t=1661837512,https://www.hospitalitynet.org/announcement/41008441.html,https://www.artyzen.com/en/hotels/the-shang-by-artyzen-qiantan-shanghai/,Shanghai,Shanghai,China,August 2022
Artyzen Habitat Qiantan Shanghai,https://www.hospitalitynet.org/picture/xxl_153145583.jpg?t=1661837756,https://www.hospitalitynet.org/announcement/41008442.html,https://www.artyzen.com/en/hotels/artyzen-habitat-qiantan-shanghai/,Shanghai,Shanghai,China,August 2022
"Hotel Virginia Santa Barbara, Tapestry Collection by Hilton",https://www.hospitalitynet.org/picture/xxl_153145643.jpg?t=1661920846,https://www.hospitalitynet.org/announcement/41008447.html,https://www.hotelvirginiasb.com/?utm_source=google&utm_medium=organic&utm_campaign=business_listing,Santa Barbara ,California,USA,August 2022
Hotel Hygge,https://www.hospitalitynet.org/picture/xxl_153145648.jpg?t=1661921914,https://www.hospitalitynet.org/announcement/41008448.html,https://www.hotelhyggebuellton.com/,Buelton,California,USA,August 2022
Scandic Helsinki Hub,https://www.hospitalitynet.org/picture/xxl_153145688.jpg?t=1662011856,https://www.hospitalitynet.org/announcement/41008451.html,https://www.scandichotels.com/hotels/finland/helsinki/scandic-helsinki-hub?utm_campaign=gmb&utm_source=google&utm_medium=organic&utm_content=helsinkihub,Helsinki,Helsinki,Finland,September 2022
Hilton Hiroshima,https://www.hospitalitynet.org/picture/xxl_153145706.jpg?t=1662014465,https://www.hospitalitynet.org/announcement/41008454.html,https://www.hilton.com/en/hotels/hijshhi-hilton-hiroshima/?SEO_id=GMB-APAC-HI-HIJSHHI,Hiroshima,Hiroshima,Japan,September 2022
Vocabolo Moscatelli Boutique Hotel & Restaurant,https://www.hospitalitynet.org/picture/xxl_153145746.jpg?t=1662029431,https://www.hospitalitynet.org/announcement/41008459.html,https://www.vocabolomoscatelli.com/,Umbria ,Umbria ,Italy,September 2022
Sommerro,https://www.hospitalitynet.org/picture/xxl_153145756.jpg?t=1662034789,https://www.hospitalitynet.org/announcement/41008461.html,https://www.sommerrohouse.com/,Oslo,Oslo,Norway,September 2022
The Albion,https://www.hospitalitynet.org/picture/xxl_153145809.jpg?t=1662109634,https://www.hospitalitynet.org/announcement/41008463.html,https://www.cliftonalbion.co.uk/,Wales,Wales,UK,September 2022
Hilton Dubai Palm Jumeirah,https://www.hospitalitynet.org/picture/xxl_153145838.jpg?t=1662358625,https://www.hospitalitynet.org/announcement/41008464.html,https://www.hilton.com/en/hotels/dxbpjhi-hilton-dubai-palm-jumeirah/?SEO_id=GMB-EMEA-HI-DXBPJHI,Dubai,Dubai,UAE,September 2022
Intercity Hotel Muscat,https://www.hospitalitynet.org/picture/xxl_153145849.jpg?t=1662366437,https://www.hospitalitynet.org/announcement/41008466.html,https://hrewards.com/en/intercityhotel,Muscat ,Muscat ,Oman,September 2022
Pride Hotel Bhopal,https://www.hospitalitynet.org/picture/xxl_153145850.jpg?t=1662366672,https://www.hospitalitynet.org/announcement/41008467.html,https://www.pridehotel.com/,Bhapol,Bhopal,India,September 2022
citizenM Washington DC NOMA,https://www.hospitalitynet.org/picture/xxl_153141868.jpg?t=1653470761,https://www.hospitalitynet.org/announcement/41008471.html,https://www.citizenm.com/hotels/united-states/washington-dc/washington-dc-noma?utm_source=Google&utm_medium=Yext&y_source=1_NDkyNzM5MjItNzE1LWxvY2F0aW9uLndlYnNpdGU%3D,Washington,District of Colombia,USA,September 2022
Wyndham Residences The Palm,https://www.hospitalitynet.org/picture/xxl_153145943.jpg?t=1662619506,https://www.hospitalitynet.org/announcement/41008475.html,https://www.wyndhamhotels.com/en-ca/wyndham/dubai-united-arab-emirates/wyndham-residences-dubai-palm-jumeirah/overview,Dubai,Dubai,UAE,September 2022
Thompson Madrid,https://www.hospitalitynet.org/picture/xxl_153145968.jpg?t=1662644365,https://www.hospitalitynet.org/announcement/41008477.html,https://www.hyatt.com/hotel/spain/thompson-madrid/madrp?src=corp_lclb_gmb_seo_madrp,Madrid ,Madrid ,Spain,September 2022
H10 Croma Málaga,https://www.hospitalitynet.org/placeholder.svg,https://www.hospitalitynet.org/announcement/41008478.html,https://www.h10hotels.com/en/malaga-hotels/h10-croma-malaga?utm_source=Google%20My%20Business&utm_medium=Boton%20sitio%20web&utm_campaign=HCG,Malaga,Malaga,Spain,September 2022
Radisson Resort & Suites Phuket,https://www.hospitalitynet.org/picture/xxl_153145998.jpg?t=1662720938,https://www.hospitalitynet.org/announcement/41008479.html,https://www.radissonhotels.com/en-us/hotels/radisson-resort-phuket,Phuket,Kathu District,Thailand,September 2022
Ibis Bengaluru Hebbal,https://www.hospitalitynet.org/picture/xxl_153146039.jpg?t=1662973654,https://www.hospitalitynet.org/announcement/41008481/ibis-bengaluru-hebbal.html,https://all.accor.com/hotel/B2W1/index.en.shtml,Bengaluru,Nagavara,India,September 2022
Red Roof Inn & Suites Midland,https://www.hospitalitynet.org/picture/xxl_153146116.jpg?t=1663074881,https://www.hospitalitynet.org/announcement/41008488.html,https://www.redroof.com/property/tx/midland/RRI1353,Midland,Texas,USA,September 2022
DoubleTree by Hilton Damai Laut Resort,https://www.hospitalitynet.org/picture/xxl_153146180.jpg?t=1663223183,https://www.hospitalitynet.org/announcement/41008498.html,https://www.hilton.com/en/hotels/iphdldi-doubletree-damai-laut-resort/,Lumut,Manjung,Malaysia,September 2022
Dana Rayhaan by Rotana,https://www.hospitalitynet.org/picture/xxl_153146191.jpg?t=1663224614,https://www.hospitalitynet.org/announcement/41008499.html,https://www.rotana.com/rayhaanhotelandresorts/kingdomofsaudiarabia/dammam/danarayhaanbyrotana,Dammam,Dammam,Saudi Arabia,September 2022
The Porter House Hotel Sydney - MGallery,https://www.hospitalitynet.org/picture/xxl_153146209.jpg?t=1663226967,https://www.hospitalitynet.org/announcement/41008502.html,https://all.accor.com/lien_externe.svlt?goto=fiche_hotel&code_hotel=B1B3&merchantid=seo-maps-Australia-B1B3&sourceid=aw-cen&utm_medium=seo+maps&utm_source=google+Maps&utm_campaign=seo+maps&y_source=1_MzU5MzEwNTQtNzE1LWxvY2F0aW9uLndlYnNpdGU%3D,Sydney,Sydney,Australia,September 2022
Hyatt Place New Taipei City Xinzhuang,https://www.hospitalitynet.org/picture/xxl_153146264.jpg?t=1663309833,https://www.hospitalitynet.org/announcement/41008505.html,https://www.hyatt.com/en-US/hotel/taiwan/hyatt-place-new-taipei-city-xinzhuang/tpezn/rooms,New Taipei City,Xinzhuang,Taiwan,September 2022
Shore House at The Del,https://www.hospitalitynet.org/picture/xxl_153146272.jpg?t=1663310625,https://www.hospitalitynet.org/announcement/41008506.html,https://hoteldel.com/stay/shore-house/,Coronado,California,USA,September 2022
"Grand Bohemian Lodge Greenville, Autograph Collection",https://www.hospitalitynet.org/picture/xxl_153146282.jpg?t=1663313634,https://www.hospitalitynet.org/announcement/41008507.html,https://www.marriott.com/en-us/hotels/gspak-grand-bohemian-lodge-greenville-autograph-collection/rooms/,Greenville,South Carolina,USA,September 2022
"DoubleTree by Hilton Columbus Dublin, OH",https://www.hospitalitynet.org/picture/xxl_153146287.jpg?t=1663314905,https://www.hospitalitynet.org/announcement/41008508.html,https://www.hilton.com/en/locations/usa/ohio/dublin/doubletree/,Dublin,Ohio,USA,September 2022
Grand Hyatt Kuwait,https://www.hospitalitynet.org/placeholder.svg,https://www.hospitalitynet.org/announcement/41008509.html,https://www.hyatt.com/en-US/hotel/kuwait/grand-hyatt-kuwait/kwigh,Al Zahra Area,Al Zahra Area,Kuwait,September 2022
MEININGER Hotel Dresden Zentrum,https://www.hospitalitynet.org/picture/xxl_153146302.jpg?t=1663317596,https://www.hospitalitynet.org/announcement/41008511.html,https://www.meininger-hotels.com/oteli/dresden/dresdenhotel/,Dresden,,Germany,September 2022